id,name,name_en,franchise,franchise_en,cv,moe_tags,moe_tags_en,bio,bio_en,avatar_url,stand_image_url,accent_color
char_houshou_marine,宝钟玛琳,Houshou Marine,Hololive 3期生,Hololive Fantasy,宝鐘マリン,"船长, 海盗, 双马尾, 异色瞳, BBA梗, 歌姬","Captain, Pirate, Twintails, Heterochromia, 17-Season-2, Diva",hololive三期生（Hololive Fantasy）成员。自称超喜欢宝石与金钱，为了购买属于自己的海贼船而作为虚拟偶像开展活动。拥有极高的绘画实力、歌唱力与幽默杂谈技巧。,hololive 3rd Generation member. Loves jewels and treasures, streaming as a VTuber to buy her own pirate ship. Renowned for top-tier humor, art skills, and singing voice.,https://drive.google.com/file/d/YOUR_AVATAR_ID/view,https://drive.google.com/file/d/YOUR_STAND_ART_ID/view,#dc2626
char_usada_pekora,兔田佩克拉,Usada Pekora,Hololive 3期生,Hololive Fantasy,兎田ぺこら,"兔耳, 胡萝卜, 魔性笑声, 搞事狂魔, 兔女郎","Bunny Ears, Carrot Hair, Iconic Laugh, Chaotic Comedian, Bunny Girl",hololive三期生。来自佩克兰王国的狂热胡萝卜喜爱者，拥有标志性“HA↑HA↓HA↑HA↓”魔性笑声与高超的整活游戏实力。,hololive 3rd Gen member from Pekoland. Passionate carrot lover famed for chaotic genius, iconic laugh, and top-tier gaming entertainment.,https://drive.google.com/file/d/YOUR_AVATAR_ID/view,https://drive.google.com/file/d/YOUR_STAND_ART_ID/view,#38bdf8
char_hoshimachi_suisei,星街彗星,Hoshimachi Suisei,Hololive 0期生,Hololive 0th Gen,星街すいせい,"歌姬, 蓝发星瞳, 彗星偶像, 俄罗斯方块神, 武道馆","Virtual Diva, Blue Comet Eyes, Star Idol, Tetris God, Arena Concerts",hololive所属顶流歌姬，从个人势一步步凭借超凡歌喉、坚韧信念与俄罗斯方块神技登顶日本武道馆的奇迹偶像。,Premier virtual diva of hololive. Rose from an independent solo creator to headlining arena concerts with her powerhouse vocals and Tetris mastery.,https://drive.google.com/file/d/YOUR_AVATAR_ID/view,https://drive.google.com/file/d/YOUR_STAND_ART_ID/view,#0284c7
char_sakura_miko,樱巫女,Sakura Miko,Hololive 0期生,Hololive 0th Gen,さくらみこ,"精英巫女, 樱花粉, NyaNya语癖, 呆萌, GTA名场面","Elite Miko, Sakura Pink, Nye Catchphrase, Adorable Ponkotsu, GTA Legend",在电脑世界的神社中侍奉神明的精英巫女。因神明的启示来到hololive进行偶像活动，以天真烂漫的婴儿音与层出不穷的名场面闻名。,Self-proclaimed Elite shrine maiden in the virtual world, cherished globally for her bubbly baby-talk cadence and legendary comedic timing.,https://drive.google.com/file/d/YOUR_AVATAR_ID/view,https://drive.google.com/file/d/YOUR_STAND_ART_ID/view,#f43f5e
char_tokino_sora,时乃空,Tokino Sora,Hololive 0期生,Hololive 0th Gen,ときのそら,"创始元老, 棕发大和抚子, 正统偶像, 熊玩偶, 温柔大姐姐","Founding Matriarch, Brown Hair, Orthodox Idol, Ankimo Bear, Gentle Senpai",hololive production的起源与第一位虚拟偶像。自2017年开启直播，以正统清纯偶像形象与宛如圣母般的包容力守护着同伴与观众。,The founding pioneer of hololive production. Began streaming in 2017, revered as the gentle and beloved matriarch of modern virtual idols.,https://drive.google.com/file/d/YOUR_AVATAR_ID/view,https://drive.google.com/file/d/YOUR_STAND_ART_ID/view,#2563eb
char_li_qingge,李清歌,Li Qingge,战斗吧歌姬！,ReVdol!,战斗吧歌姬！企划,"古风国风, 二胡少女, 知性黑长直, 优雅高岭之花, 歌姬队长","Traditional Style, Erhu Virtuoso, Long Black Hair, Han Nadeshiko, ReVdol Captain",《战斗吧歌姬！》（ReVdol!）企划中的灵魂歌姬担当。出身于古典音乐世家，精通二胡与古筝，将中华传统国风音乐与虚拟舞台完美融合。,The quintessential virtuoso of ReVdol!. Master of the Erhu and Guzheng, blending traditional oriental melody with virtual stagecraft.,https://drive.google.com/file/d/YOUR_AVATAR_ID/view,https://drive.google.com/file/d/YOUR_STAND_ART_ID/view,#059669
char_aki_rosenthal,亚绮·罗森塔尔,Aki Rosenthal,Hololive 1期生,Hololive 1st Gen,アキ・ローゼンタール,"异世界半精灵, 漂浮双马尾, 肚皮舞, 治愈音, 苹果酒","Isekai Half-Elf, Levitating Twintails, Belly Dance, Sensual Voice, Cider Lover",hololive一期生。来自异世界的半精灵塞壬女武神，拥有悬浮在空中的魔法双马尾，精通夏威夷呼啦舞、肚皮舞与极具治愈感的歌声。,hololive 1st Gen member. An otherworldly half-elf maiden with levitating twin braids, world-renowned for belly dance and soothing acoustics.,https://drive.google.com/file/d/YOUR_AVATAR_ID/view,https://drive.google.com/file/d/YOUR_STAND_ART_ID/view,#eab308
char_shirakami_fubuki,白上吹雪,Shirakami Fubuki,Hololive 1期生 / GAMERS,Hololive 1st Gen / GAMERS,白上フブキ,"白狐, 兽耳狐尾, 玉米, 好狐不是猫, 宅女, 游戏高能","White Fox, Fox Ears & Tail, Corn Lover, Not A Cat, Hardcore Otaku, Gamer",hololive一期生兼GAMERS队长。白发兽耳的狐狸少女，对二次元动画、特摄与游戏有着极深的热爱，以快节奏的高能杂谈与游戏力闻名。,hololive 1st Gen and leader of GAMERS. A white-haired fox maiden who is an otaku encyclopedia, radiating boundless charisma.,https://drive.google.com/file/d/YOUR_AVATAR_ID/view,https://drive.google.com/file/d/YOUR_STAND_ART_ID/view,#06b6d4
char_tokoyami_towa,常暗永远,Tokoyami Towa,Hololive 4期生,Hololive 4th Gen,常闇トワ,"见习小恶魔, TMT大天使, 低音烟嗓歌姬, FPS战神, Bibi使魔","Devil-in-Training, TMT Angel, Husky Alto Vocalist, FPS Champion, Bibi Familiar",hololive四期生。本应为了成为恶魔而来到人间历练，却因天性过分善良乐于助人而被全网冠以「TMT（Towa真是大天使）」的爱称，拥有极具感染力的磁性低音。,hololive 4th Gen member. Dispatched to learn wickedness, but her deeply caring nature led everyone to crown her "TMT (Towa is truly an Angel)". Master of husky alto vocals.,https://drive.google.com/file/d/YOUR_AVATAR_ID/view,https://drive.google.com/file/d/YOUR_STAND_ART_ID/view,#a855f7
char_imarine,iMarine,iMarine,iMarine Project,SANYO iMarine Project,内田彩 (Aya Uchida),"深海歌姬, 粉蓝异色发, 海洋科技, 电音舞曲, 未来机甲","Abyssal Sea Diva, Pink-Cyan Hair, Ocean Cyberpunk, Electro Dance, Marine Mecha",SANYO旗舰级新世代数码歌姬企划「iMarine Project」的主人公。由日本顶尖声优内田彩配音，以绚丽的未来深海科技世界观与顶级电音舞曲席卷二次元。,Heroine of the high-tech ocean multimedia idol franchise iMarine Project by SANYO. Voiced by Aya Uchida, conquering virtual music with electronic dance anthems.,https://drive.google.com/file/d/YOUR_AVATAR_ID/view,https://drive.google.com/file/d/YOUR_STAND_ART_ID/view,#06b6d4
