id,name,name_en,name_jp,romaji,franchise,franchise_en,category,avatar_url,stand_image_url,stand_image_alt,stand_image_alt_title,stand_image_alt_title_en,cv,birthday,birthday_en,height,height_en,moe_tags,moe_tags_en,quote,quote_en,bio,bio_en,personality,personality_en,lore_background,lore_background_en,accent_color
char_houshou_marine,宝钟玛琳 (Houshou Marine),Houshou Marine,宝鐘マリン,Houshou Marine,Hololive 3期生 (Hololive Fantasy),Hololive Fantasy,VTuber,https://drive.google.com/file/d/YOUR_AVATAR_ID/view,https://drive.google.com/file/d/YOUR_STAND_ART_ID/view,https://drive.google.com/file/d/YOUR_SETTING_SHEET_ID/view,泳装形态,Swimsuit Form,宝鐘マリン (Houshou Marine),7月30日 (永远的17岁),July 30 (Forever 17),150cm,150cm,"船长, 海盗, 双马尾, 异色瞳, BBA梗, 性感, 歌姬, 色气","Captain, Pirate, Twintails, Heterochromia, 17-Season-2, Sensual, Diva",“Ahoy！宝钟海贼团船长，宝钟玛琳是也～！感度良好～！”,“Ahoy! Houshou Pirate Captain, Houshou Marine here~! All systems receptive~!”,hololive三期生（Hololive Fantasy）成员。自称超喜欢宝石、宝物与金钱，为了购买属于自己的海贼船而作为虚拟偶像开展活动。拥有极高的绘画实力、歌唱力与幽默杂谈技巧。,hololive 3rd Generation (Hololive Fantasy) member. Loves jewels, treasures, and money, streaming as a VTuber to buy her own pirate ship. Renowned for her charismatic humor, top-tier art skills, and captivating singing voice.,开朗健谈、善解人意，自称永远17岁（其实是17岁第2季），常常在色气与爆笑之间来回切换。,Playful, compassionate, witty, forever self-proclaimed 17 years old (Season 2), masterfully balancing sultry charm and hilarious comedy.,虽然打扮成海贼船长，但实际上目前还只是一直在陆地直播打工攒船费的见习船长。,Dressed as a dashing pirate captain, though currently saving funds on dry land through streaming to finally buy her real pirate galleon.,#dc2626
char_usada_pekora,兔田佩克拉 (Usada Pekora),Usada Pekora,兎田ぺこら,Usada Pekora,Hololive 3期生 (Hololive Fantasy),Hololive Fantasy,VTuber,https://drive.google.com/file/d/YOUR_AVATAR_ID/view,https://drive.google.com/file/d/YOUR_STAND_ART_ID/view,https://drive.google.com/file/d/YOUR_SETTING_SHEET_ID/view,囚服形态,Prisoner Form,兎田ぺこら (Usada Pekora),1月12日,January 12,153cm,153cm,"兔耳, 胡萝卜, 魔性笑声, Peko口癖, 搞事狂魔, 兔女郎, 族长","Bunny Ears, Carrot Hair, Iconic Laugh, Peko Catchphrase, Chaotic Comedian, Bunny Girl",“好~Peko！好~Peko！Konpeko Konpeko Konpeko～我是hololive三期生的兔田佩克拉Peko！”,“Al~right Peko! Konpeko Konpeko Konpeko~! It's hololive 3rd Gen's Usada Pekora peko!”,hololive三期生。来自佩克兰王国（Pekoland）的狂热胡萝卜喜爱者，拥有标志性“HA↑HA↓HA↑HA↓”魔性笑声与高超的整活游戏实力。,hololive 3rd Generation member from Pekoland. Passionate carrot lover famed worldwide for her chaotic genius, legendary "HA↑HA↓HA↑HA↓" laughter, and unbeatable gaming entertainment.,表面上嚣张搞事、屡战屡败的“搞笑艺人”，私下里极度怕生内向（阴角），极具反差萌。,Smug chaotic prankster on stream, surprisingly shy and polite off-camera—an irresistible gap moe.,因太喜欢胡萝卜而随身携带，头上的辫子里始终插着两根随时应急食用的大胡萝卜。,So deeply enamored with carrots that she permanently carries them stuffed directly into her braided twin hair.,#38bdf8
char_hoshimachi_suisei,星街彗星 (Hoshimachi Suisei),Hoshimachi Suisei,星街すいせい,Hoshimachi Suisei,Hololive 0期生 / Midnight Grand Orchestra,Hololive 0th Gen / MGO,VTuber,https://drive.google.com/file/d/YOUR_AVATAR_ID/view,https://drive.google.com/file/d/YOUR_STAND_ART_ID/view,https://drive.google.com/file/d/YOUR_SETTING_SHEET_ID/view,星空偶像服,Starlight Idol Dress,星街すいせい (Hoshimachi Suisei),3月22日 (永远的18岁),March 22 (Forever 18),160cm,160cm,"歌姬, 蓝发星瞳, 彗星偶像, 俄罗斯方块神, 病娇斧头, 个人势奇迹, 武道馆","Virtual Diva, Blue Comet Eyes, Star Idol, Tetris God, Axe Psychopath, Solo Indie Miracle",“彗星如夜空闪耀的钻石！我是虚拟偶像星街彗星～！”,“Like a comet blazing like a diamond in the night sky! I am virtual idol Hoshimachi Suisei~!”,hololive所属虚拟偶像兼顶流歌姬，从个人势一步步凭借超凡歌喉、坚韧信念与俄罗斯方块神技登顶日本武道馆的奇迹偶像。,Premier virtual diva of hololive. Rose from an independent solo creator to headlining arena concerts with her powerhouse vocals, transcendent songwriting, and god-tier Tetris skills.,坚韧果敢、对自己与舞台要求极高的职业偶像，在各类狼人杀与生存游戏中展现出冷酷反差的“战神”本色。,Fiercely determined, professional, and vocally brilliant, with a hilarious psychopathic battle goddess streak in survival games.,宛如从浩瀚宇宙深处划过夜空的璀璨彗星，誓要让自己的歌声响彻全次元。,A shining star born in the deep cosmos, on a lifelong mission to make her songs resonate across the entire universe.,#0284c7
char_sakura_miko,樱巫女 (Sakura Miko),Sakura Miko,さくらみこ,Sakura Miko,Hololive 0期生,Hololive 0th Gen,VTuber,https://drive.google.com/file/d/YOUR_AVATAR_ID/view,https://drive.google.com/file/d/YOUR_STAND_ART_ID/view,https://drive.google.com/file/d/YOUR_SETTING_SHEET_ID/view,私服形态,Casual Form,さくらみこ (Sakura Miko),3月5日 (巫女之日),March 5 (Miko Day),152cm,152cm,"精英巫女, 樱花粉, NyaNya语癖, 笨蛋美, GTA名场面, 幼态声线, 樱儿","Elite Miko, Sakura Pink, Nye Catchphrase, Adorable Ponkotsu, GTA Legend, Baby Voice",“NyaHello～！我是hololive的超绝精英巫女樱巫女Nye！”,“NyaHello~! It's hololive's ultimate Elite Shrine Maiden, Sakura Miko nye!”,在电脑世界的神社中侍奉神明的精英（自称）巫女。因神明的启示而来到hololive进行虚拟偶像活动，以天真烂漫的婴儿音与层出不穷的名场面闻名。,Self-proclaimed "Elite" shrine maiden serving gods in the virtual cyber world. Cherished globally for her bubbly baby-talk cadence, hilarious game fails, and golden comedic timing.,虽然自称精英却经常做出呆萌的笨蛋举动（Ponkotsu），心地极其纯真善良，极受同伴与观众宠爱。,Proclaims herself the ultimate "Elite" while constantly fumbling with innocent clumsiness—endlessly lovable and heartwarming.,身着樱花图案的和服与短裙，头戴樱花发饰，随时准备向观众传达神圣的笑容与福气。,Adorned with blooming sakura ribbons and shrine maiden vestments, bringing divine blessings and laughs to travelers.,#f43f5e
char_tokino_sora,时乃空 (Tokino Sora),Tokino Sora,ときのそら,Tokino Sora,Hololive 0期生 / 元祖大前辈,Hololive 0th Gen / Origin,VTuber,https://drive.google.com/file/d/YOUR_AVATAR_ID/view,https://drive.google.com/file/d/YOUR_STAND_ART_ID/view,https://drive.google.com/file/d/YOUR_SETTING_SHEET_ID/view,13人Live偶像服,Origin Idol Dress,ときのそら (Tokino Sora),5月15日,May 15,160cm,160cm,"创始元老, 棕发大和抚子, 正统偶像, 熊玩偶, 温柔大姐姐, 横滨Arena梦想","Founding Matriarch, Brown Hair, Orthodox Idol, Ankimo Bear, Gentle Senpai, Yokohama Arena Dream",“KonSora～！今天也要元气满满哦，我是时乃空！”,“KonSora~! Let's do our best today too! I'm Tokino Sora!”,hololive production的起源与第一位虚拟偶像。自2017年单枪匹马开启直播，以正统清纯偶像形象与宛如圣母般的包容力守护着整个hololive的发展。,The founding pioneer of hololive production. Began solo streaming in 2017 with an unwavering dream of performing at Yokohama Arena, revered as the gentle pillar of the VTuber era.,端庄大方、温柔包容，虽然是至高无上的大前辈却极度亲切平易近人。,Graceful, pure-hearted, and maternally supportive to all juniors, embodying true orthodox idol majesty.,身旁常伴着棕熊吉祥物「Ankimo（安肝）」，用清澈如天空般的歌声治愈无数疲惫的灵魂。,Accompanied by her trusty teddy bear Ankimo, healing weary souls with vocals as pristine as the open blue sky.,#2563eb
char_li_qingge,李清歌 (Li Qingge),Li Qingge (ReVdol!),李清歌,Li Qingge,战斗吧歌姬！ (ReVdol!),ReVdol! (Happy Elements),VTuber,https://drive.google.com/file/d/YOUR_AVATAR_ID/view,https://drive.google.com/file/d/YOUR_STAND_ART_ID/view,https://drive.google.com/file/d/YOUR_SETTING_SHEET_ID/view,国风旗袍形态,Cheongsam Form,战斗吧歌姬！官方企划 (ReVdol!),4月22日,April 22,166cm,166cm,"古风国风, 二胡少女, 知性黑长直, 优雅高岭之花, 歌姬队长, 旗袍元素, 清冷仙子","Traditional Chinese Style, Erhu Virtuoso, Elegant Long Black Hair, Yamato/Han Nadeshiko, ReVdol Captain, Cheongsam Accents",“弦音寄思，剑舞清歌。我会用最纯粹的旋律，为守护世界的羁绊而战。”,“Strings convey thoughts, melodies dance like swordcraft. I shall sing with purest resonance to defend our bonds.”,《战斗吧歌姬！》（ReVdol!）企划中的灵魂歌姬担当。出身于古典音乐世家，精通二胡与古筝，将中华传统国风音乐与现代虚拟偶像唱跳完美融合。,The quintessential virtuoso of the virtual idol project "ReVdol!". Born into a classical musical dynasty, master of the Erhu and Guzheng, blending traditional oriental melody with high-energy virtual stage craft.,外表端庄清冷的高岭之花，内心极度坚韧并珍视同伴与应援者，偶有反差萌的呆萌一面。,Poised and dignified with an air of noble refinement, harboring intense dedication to her ensemble and fans.,手持融合了纳米科技与古韵的二胡音律兵器「清辉」，在舞台与战场上演奏出抵御灾厄的共鸣篇章。,Wielding her nano-crystallized Erhu resonator "Qinghui", weaving defensive musical harmonies against cosmic discord.,#059669
char_aki_rosenthal,亚绮·罗森塔尔 (Aki Rosenthal),Aki Rosenthal,アキ・ローゼンタール,Aki Rosenthal,Hololive 1期生,Hololive 1st Gen,VTuber,https://drive.google.com/file/d/YOUR_AVATAR_ID/view,https://drive.google.com/file/d/YOUR_STAND_ART_ID/view,https://drive.google.com/file/d/YOUR_SETTING_SHEET_ID/view,肚皮舞装束,Belly Dance Outfit,アキ・ローゼンタール (Aki Rosenthal),2月17日,February 17,152cm,152cm,"异世界半精灵, 漂浮双马尾, 肚皮舞, 治愈成熟音, 苹果酒, 精灵魔法, 女武神","Isekai Half-Elf, Levitating Twintails, Belly Dance, Sensual ASMR Voice, Cider Lover, Elven Magic",“Alona！我是来自异世界的半精灵女武神，亚绮·罗森塔尔是也～！”,"Alona~! I'm the half-elf maiden from an alternate dimension, Aki Rosenthal~!",hololive一期生。来自异世界的半精灵塞壬女武神，拥有悬浮在空中的魔法双马尾，精通夏威夷呼啦舞、肚皮舞与极具治愈感的歌声。,hololive 1st Generation member. An otherworldly half-elf maiden with magically levitating twin braids, world-renowned for her mesmerizing belly dance performances and soothing vocal acoustics.,温柔包容、治愈天然，喜好品鉴美酒与露营，同时在硬核生存游戏中拥有极其坚韧的毅力。,Gentle, naturally healing, connoisseur of fine drinks and cozy camping, with astounding grit in hardcore survival sandbox games.,通过次元跳跃来到人类世界的精灵之森行者，以歌舞传递自然与魔法的祝福。,Traversed through dimensional rifts from the enchanted realm of Sanyas, blessing audiences with songs of ancient woods.,#eab308
char_shirakami_fubuki,白上吹雪 (Shirakami Fubuki),Shirakami Fubuki,白上フブキ,Shirakami Fubuki,Hololive 1期生 / GAMERS,Hololive 1st Gen / GAMERS,VTuber,https://drive.google.com/file/d/YOUR_AVATAR_ID/view,https://drive.google.com/file/d/YOUR_STAND_ART_ID/view,https://drive.google.com/file/d/YOUR_SETTING_SHEET_ID/view,三周年偶像服,3rd Anniversary Dress,白上フブキ (Shirakami Fubuki),10月5日,October 5,155cm,155cm,"白狐, 兽耳狐尾, 玉米/黑条, 好狐不是猫, Otaku宅女, 金鲤鱼受害者, 好朋友","White Fox, Fox Ears & Tail, Corn Lover, Not A Cat (Fox), Hardcore Otaku, Shiny Magikarp Hunter",“KonKitsune～！我是白发兽耳女子高中生，白上吹雪是也！”,“KonKitsune~! I'm your white-haired animal-eared high schooler, Shirakami Fubuki!”,hololive一期生兼hololive GAMERS队长。白发兽耳的狐狸少女，对二次元动画、特摄与游戏有着极深的热爱，以快节奏的高能杂谈与游戏力闻名。,hololive 1st Generation and leader of hololive GAMERS. A white-haired fox maiden who is an encyclopedia of anime, tokusatsu, and gacha gaming, radiating boundless energy and charisma.,元气活泼、关照后辈，在同伴中充当可靠的大哥/挚友角色，坚决强调自己是“狐狸不是猫”。,Energetic, deeply supportive of all guildmates, self-proclaimed "Best Friend" who staunchly insists she is a fox, NOT a cat!,生活在雪山深处的白狐神使，因被人类文明中的游戏与动画吸引而化形来到网络世界。,A divine white kitsune from the frosty peaks, captivated by human video games and otaku culture, descending into the cyber realm.,#06b6d4
char_tokoyami_towa,常暗永远 (Tokoyami Towa),Tokoyami Towa,常闇トワ,Tokoyami Towa,Hololive 4期生 (holoForce),Hololive 4th Gen (holoForce),VTuber,https://drive.google.com/file/d/YOUR_AVATAR_ID/view,https://drive.google.com/file/d/YOUR_STAND_ART_ID/view,https://drive.google.com/file/d/YOUR_SETTING_SHEET_ID/view,常服地雷系装束,Jirai Kei Casual,常闇トワ (Tokoyami Towa),8月8日,August 8,150cm,150cm,"见习小恶魔, TMT大天使, 低音烟嗓歌姬, FPS战神, Bibi使魔, 傲娇纯良, Apex","Devil-in-Training, TMT (Towa Maji Tenshi), Husky Alto Vocalist, FPS Apex Champion, Bibi Familiar, Tsundere Angel",“KonTowa～！我是为了成为成熟恶魔而来到人界的常暗永远！”,“KonTowa~! I'm Tokoyami Towa, here in the human world to study and become a full-fledged devil!”,hololive四期生（holoForce）成员。本应为了成为大恶魔而来到人间历练，却因天性过分纯真善良、乐于助人而被全网粉丝冠以「TMT（Towa Maji Tenshi - Towa真是大天使）」的爱称。,hololive 4th Generation member. Dispatched from the underworld to learn wickedness, but her deeply polite, caring nature immediately led everyone to crown her "TMT (Towa Maji Tenshi / Towa is truly an Angel)". Possesses world-class husky alto vocals and god-tier Apex Legends skills.,嘴硬心软的傲娇，极度注重礼仪与同伴羁绊，拥有极具穿透力与感染力的磁性低音嗓音。,Classic tsundere who claims to be wicked while doing saintly deeds, fiercely loyal and armed with a jaw-dropping soulful alto singing voice.,头顶常驻使魔「Bibi（碧比）」，虽然自认是恶魔，但身上散发的温暖因果常使整个庭院充满治愈。,Accompanied by her shapeshifting hat familiar Bibi, unknowingly radiating celestial warmth rather than underworld malice.,#a855f7
char_imarine,iMarine (艾玛琳 / アイマリン),iMarine (iMarine Project),アイマリン,iMarine,iMarine Project (Sanyo iMarine Project),SANYO iMarine Project,VTuber,https://drive.google.com/file/d/YOUR_AVATAR_ID/view,https://drive.google.com/file/d/YOUR_STAND_ART_ID/view,https://drive.google.com/file/d/YOUR_SETTING_SHEET_ID/view,深海电音机甲装,Deep Sea Mecha Suit,内田彩 (Aya Uchida),8月1日 (海之日),August 1 (Ocean Day),158cm,158cm,"深海歌姬, 粉蓝异色发, 海洋科技, 电音跳舞机, 水着少女, 未来机甲, SANYO","Abyssal Sea Diva, Pink-Cyan Dual Tone Hair, Ocean Cyberpunk, Electro Dance Prodigy, Marine Cyber Suit, Futuristic Synth",“Dive into the Blue！在无限蔚蓝的深海之下，用旋律唤醒未来的奇迹之光！”,“Dive into the Blue! Beneath the infinite azure ocean, awakening the light of future miracles with music!”,SANYO旗舰级新世代数码歌姬企划「iMarine Project（アイマリンプロジェクト）」的主人公。由日本顶尖声优内田彩配音，以绚丽的未来深海科技世界观与顶级电音舞曲席卷二次元。,Heroine of the high-tech ocean multimedia idol franchise "iMarine Project" by SANYO. Voiced by Aya Uchida, conquering the virtual music world with high-energy electronic anthems, fluid choreography, and futuristic marine aesthetics.,充满活力、坚强乐观，热衷于探索未知的深海文明与将海洋的喜悦传递给全世界。,Vibrant, optimistic, and fiercely determined, pioneering through abyssal dimensions to connect the ocean and human hearts through song.,身着融合了海洋水流动态与量子共鸣科技的潜水装甲，掌控着能与全次元海洋同频共振的深蓝秘音。,Clad in hydro-kinetic nano armor, channeling the sacred deep blue symphony that resonates across all aquatic realities.,#06b6d4
